<DATE>,<TIME>,<OPEN>,<HIGH>,<LOW>,<CLOSE>,<VOL>
20140526,000000,1.3621000,1.3654000,1.3611000,1.3647000,0
20140527,000000,1.3647000,1.3669000,1.3610000,1.3634000,0
20140528,000000,1.3634000,1.3640000,1.3587000,1.3594000,0
20140529,000000,1.3593000,1.3626000,1.3584000,1.3602000,0
20140530,000000,1.3603000,1.3650000,1.3596000,1.3631000,0
20140531,000000,1.3630000,1.3635000,1.3627000,1.3629000,0
20140601,000000,1.3629000,1.3643000,1.3629000,1.3641000,0
20140602,000000,1.3640000,1.3641000,1.3586000,1.3597000,0
20140603,000000,1.3597000,1.3648000,1.3585000,1.3621000,0
20140604,000000,1.3621000,1.3640000,1.3594000,1.3599000,0
20140605,000000,1.3599000,1.3670000,1.3501000,1.3656000,0
20140606,000000,1.3657000,1.3677000,1.3618000,1.3644000,0
20140607,000000,1.3644000,1.3646000,1.3639000,1.3642000,0
20140608,000000,1.3642000,1.3644000,1.3640000,1.3642000,0
20140609,000000,1.3642000,1.3670000,1.3580000,1.3589000,0
20140610,000000,1.3589000,1.3602000,1.3530000,1.3546000,0
20140611,000000,1.3545000,1.3557000,1.3518000,1.3527000,0
20140612,000000,1.3528000,1.3572000,1.3509000,1.3564000,0
20140613,000000,1.3563000,1.3580000,1.3518000,1.3539000,0
20140614,000000,1.3538000,1.3542000,1.3532000,1.3539000,0
20140615,000000,1.3538000,1.3538000,1.3532000,1.3535000,0
20140616,000000,1.3535000,1.3580000,1.3511000,1.3569000,0
20140617,000000,1.3570000,1.3587000,1.3534000,1.3541000,0
20140618,000000,1.3541000,1.3599000,1.3538000,1.3584000,0
20140619,000000,1.3584000,1.3643000,1.3580000,1.3603000,0
20140620,000000,1.3602000,1.3634000,1.3562000,1.3597000,0
20140621,000000,1.3596000,1.3601000,1.3595000,1.3595000,0
20140622,000000,1.3583000,1.3595000,1.3581000,1.3587000,0
20140623,000000,1.3586000,1.3614000,1.3571000,1.3602000,0
20140624,000000,1.3601000,1.3628000,1.3581000,1.3604000,0
20140625,000000,1.3604000,1.3651000,1.3598000,1.3627000,0
20140626,000000,1.3628000,1.3641000,1.3574000,1.3609000,0
20140627,000000,1.3609000,1.3649000,1.3605000,1.3647000,0
20140628,000000,1.3647000,1.3651000,1.3644000,1.3647000,0
20140629,000000,1.3648000,1.3648000,1.3642000,1.3646000,0
20140630,000000,1.3645000,1.3698000,1.3637000,1.3692000,0
20140701,000000,1.3692000,1.3701000,1.3673000,1.3677000,0
20140702,000000,1.3678000,1.3683000,1.3639000,1.3654000,0
20140703,000000,1.3654000,1.3664000,1.3594000,1.3607000,0
20140704,000000,1.3607000,1.3611000,1.3582000,1.3593000,0
20140705,000000,1.3593000,1.3596000,1.3589000,1.3591000,0
20140706,000000,1.3595000,1.3599000,1.3591000,1.3592000,0
20140707,000000,1.3592000,1.3609000,1.3573000,1.3607000,0
20140708,000000,1.3607000,1.3620000,1.3585000,1.3612000,0
20140709,000000,1.3611000,1.3648000,1.3599000,1.3641000,0
20140710,000000,1.3639000,1.3651000,1.3587000,1.3608000,0
20140711,000000,1.3608000,1.3625000,1.3590000,1.3608000,0
20140712,000000,1.3608000,1.3611000,1.3601000,1.3605000,0
20140713,000000,1.3603000,1.3604000,1.3596000,1.3598000,0
20140714,000000,1.3599000,1.3640000,1.3595000,1.3619000,0
20140715,000000,1.3619000,1.3630000,1.3559000,1.3566000,0
20140716,000000,1.3566000,1.3573000,1.3519000,1.3524000,0
20140717,000000,1.3523000,1.3540000,1.3514000,1.3525000,0
20140718,000000,1.3525000,1.3536000,1.3489000,1.3523000,0
20140719,000000,1.3524000,1.3527000,1.3520000,1.3522000,0
20140720,000000,1.3526000,1.3529000,1.3520000,1.3526000,0
20140721,000000,1.3526000,1.3549000,1.3510000,1.3522000,0
20140722,000000,1.3521000,1.3530000,1.3457000,1.3468000,0
20140723,000000,1.3467000,1.3474000,1.3452000,1.3462000,0
20140724,000000,1.3462000,1.3485000,1.3436000,1.3463000,0
20140725,000000,1.3462000,1.3476000,1.3419000,1.3431000,0
20140726,000000,1.3431000,1.3434000,1.3426000,1.3434000,0
20140727,000000,1.3430000,1.3437000,1.3428000,1.3432000,0
20140728,000000,1.3432000,1.3444000,1.3424000,1.3431000,0
20140729,000000,1.3431000,1.3445000,1.3402000,1.3409000,0
20140730,000000,1.3409000,1.3415000,1.3364000,1.3392000,0
20140731,000000,1.3391000,1.3401000,1.3369000,1.3389000,0
20140801,000000,1.3390000,1.3445000,1.3376000,1.3422000,0
20140802,000000,1.3422000,1.3433000,1.3420000,1.3430000,0
20140803,000000,1.3423000,1.3428000,1.3421000,1.3426000,0
20140804,000000,1.3426000,1.3433000,1.3407000,1.3421000,0
20140805,000000,1.3421000,1.3425000,1.3356000,1.3373000,0
20140806,000000,1.3373000,1.3387000,1.3330000,1.3379000,0
20140807,000000,1.3379000,1.3394000,1.3335000,1.3364000,0
20140808,000000,1.3364000,1.3433000,1.3341000,1.3412000,0
20140809,000000,1.3412000,1.3417000,1.3406000,1.3410000,0
20140810,000000,1.3400000,1.3409000,1.3400000,1.3405000,0
20140811,000000,1.3404000,1.3412000,1.3378000,1.3384000,0
20140812,000000,1.3384000,1.3387000,1.3334000,1.3365000,0
20140813,000000,1.3366000,1.3415000,1.3340000,1.3362000,0
20140814,000000,1.3363000,1.3408000,1.3346000,1.3369000,0
20140815,000000,1.3368000,1.3412000,1.3356000,1.3397000,0
20140816,000000,1.3398000,1.3400000,1.3393000,1.3395000,0
20140818,000000,1.3392000,1.3400000,1.3350000,1.3363000,0
20140819,000000,1.3363000,1.3364000,1.3310000,1.3321000,0
20140820,000000,1.3320000,1.3326000,1.3254000,1.3261000,0
20140821,000000,1.3261000,1.3290000,1.3239000,1.3280000,0
20140822,000000,1.3281000,1.3297000,1.3218000,1.3242000,0
20140823,000000,1.3243000,1.3247000,1.3236000,1.3241000,0
20140824,000000,1.3213000,1.3223000,1.3201000,1.3207000,0
20140825,000000,1.3204000,1.3210000,1.3181000,1.3193000,0
20140826,000000,1.3194000,1.3215000,1.3163000,1.3171000,0
20140827,000000,1.3170000,1.3210000,1.3151000,1.3194000,0
20140828,000000,1.3194000,1.3221000,1.3157000,1.3184000,0
20140829,000000,1.3183000,1.3196000,1.3132000,1.3139000,0
20140830,000000,1.3139000,1.3143000,1.3129000,1.3133000,0
20140831,000000,1.3133000,1.3134000,1.3127000,1.3128000,0
20140901,000000,1.3128000,1.3146000,1.3116000,1.3130000,0
20140902,000000,1.3130000,1.3137000,1.3107000,1.3129000,0
20140903,000000,1.3129000,1.3160000,1.3120000,1.3147000,0
20140904,000000,1.3146000,1.3154000,1.2917000,1.2948000,0
20140905,000000,1.2948000,1.2988000,1.2919000,1.2951000,0
20140906,000000,1.2951000,1.2955000,1.2945000,1.2948000,0
20140907,000000,1.2945000,1.2948000,1.2929000,1.2945000,0
20140908,000000,1.2945000,1.2960000,1.2881000,1.2899000,0
20140909,000000,1.2899000,1.2957000,1.2856000,1.2949000,0
20140910,000000,1.2949000,1.2963000,1.2881000,1.2914000,0
20140911,000000,1.2913000,1.2952000,1.2894000,1.2917000,0
20140912,000000,1.2917000,1.2979000,1.2906000,1.2948000,0
20140913,000000,1.2948000,1.2964000,1.2946000,1.2961000,0
20140914,000000,1.2970000,1.2979000,1.2964000,1.2975000,0
20140915,000000,1.2975000,1.2978000,1.2906000,1.2939000,0
20140916,000000,1.2939000,1.2995000,1.2920000,1.2958000,0
20140917,000000,1.2958000,1.2981000,1.2851000,1.2875000,0
20140918,000000,1.2875000,1.2930000,1.2832000,1.2917000,0
20140919,000000,1.2918000,1.2931000,1.2828000,1.2837000,0
20140920,000000,1.2836000,1.2837000,1.2826000,1.2829000,0
20140921,000000,1.2828000,1.2831000,1.2823000,1.2830000,0
20140922,000000,1.2829000,1.2868000,1.2814000,1.2849000,0
20140923,000000,1.2849000,1.2901000,1.2840000,1.2857000,0
20140924,000000,1.2857000,1.2864000,1.2771000,1.2783000,0
20140925,000000,1.2783000,1.2784000,1.2696000,1.2746000,0
20140926,000000,1.2745000,1.2761000,1.2675000,1.2683000,0
20140927,000000,1.2682000,1.2686000,1.2677000,1.2681000,0
20140928,000000,1.2689000,1.2699000,1.2686000,1.2690000,0
20140929,000000,1.2689000,1.2715000,1.2661000,1.2690000,0
20140930,000000,1.2688000,1.2702000,1.2568000,1.2629000,0
20141001,000000,1.2630000,1.2640000,1.2582000,1.2616000,0
20141002,000000,1.2616000,1.2699000,1.2612000,1.2663000,0
20141003,000000,1.2662000,1.2675000,1.2498000,1.2511000,0
20141004,000000,1.2510000,1.2517000,1.2508000,1.2512000,0
20141005,000000,1.2506000,1.2515000,1.2502000,1.2509000,0
20141006,000000,1.2509000,1.2675000,1.2507000,1.2644000,0
20141007,000000,1.2644000,1.2682000,1.2581000,1.2661000,2395
20141008,000000,1.2660000,1.2749000,1.2620000,1.2740000,5644
20141009,000000,1.2740000,1.2792000,1.2662000,1.2686000,0
20141010,000000,1.2686000,1.2716000,1.2604000,1.2612000,0
20141011,000000,1.2612000,1.2630000,1.2611000,1.2627000,0
20141012,000000,1.2630000,1.2651000,1.2625000,1.2633000,0
20141013,000000,1.2632000,1.2699000,1.2619000,1.2689000,0
20141014,000000,1.2689000,1.2768000,1.2638000,1.2654000,0
20141015,000000,1.2655000,1.2887000,1.2622000,1.2807000,0
20141016,000000,1.2807000,1.2845000,1.2703000,1.2804000,0
20141017,000000,1.2805000,1.2837000,1.2742000,1.2760000,0
20141018,000000,1.2760000,1.2763000,1.2754000,1.2758000,0
20141019,000000,1.2759000,1.2764000,1.2744000,1.2746000,0
20141020,000000,1.2745000,1.2817000,1.2728000,1.2804000,0
20141021,000000,1.2804000,1.2840000,1.2713000,1.2714000,0
20141022,000000,1.2715000,1.2740000,1.2636000,1.2644000,0
20141023,000000,1.2644000,1.2677000,1.2613000,1.2651000,0
20141024,000000,1.2651000,1.2696000,1.2632000,1.2667000,0
20141025,000000,1.2667000,1.2672000,1.2665000,1.2669000,0
20141026,000000,1.2682000,1.2697000,1.2673000,1.2675000,0
20141027,000000,1.2676000,1.2723000,1.2663000,1.2698000,0
20141028,000000,1.2697000,1.2765000,1.2683000,1.2734000,0
20141029,000000,1.2733000,1.2771000,1.2628000,1.2631000,0
20141030,000000,1.2631000,1.2639000,1.2545000,1.2613000,0
20141031,000000,1.2612000,1.2617000,1.2483000,1.2523000,712803
20141101,000000,1.2523100,1.2524000,1.2521000,1.2524000,157
20141103,000000,1.2493300,1.2510000,1.2469700,1.2491200,1106868
20141104,000000,1.2491400,1.2577400,1.2478000,1.2544800,1476930
20141105,000000,1.2543700,1.2567000,1.2456000,1.2482500,1558700
20141106,000000,1.2481900,1.2533300,1.2471000,1.2522000,1055237
20141107,000000,1.2378000,1.2469500,1.2356800,1.2453000,1229437
20141108,000000,1.2453700,1.2463100,1.2450000,1.2454000,14945
20141110,000000,1.2473200,1.2510000,1.2417000,1.2421200,614697
20141111,000000,1.2420400,1.2499100,1.2392000,1.2475500,891912
20141112,000000,1.2475900,1.2498000,1.2417000,1.2433700,1235735
20141113,000000,1.2434600,1.2491600,1.2425000,1.2477700,1197978
20141114,000000,1.2477700,1.2546300,1.2396000,1.2525600,1618293
20141115,000000,1.2525800,1.2528500,1.2514800,1.2522000,22461
20141116,000000,1.2525600,1.2538000,1.2524000,1.2532000,1274
20141117,000000,1.2532000,1.3000000,1.2443000,1.2449700,1401638
20141118,000000,1.2449600,1.2545000,1.2441000,1.2535100,1313310
20141119,000000,1.2534600,1.2600200,1.2510000,1.2542400,1493204
20141120,000000,1.2542600,1.2575300,1.2502000,1.2543900,1656122
20141121,000000,1.2543600,1.2568200,1.2373000,1.2391300,1685239
20141122,000000,1.2391600,1.2394600,1.2384000,1.2390000,19406
20141124,000000,1.2384400,1.2444700,1.2371000,1.2441500,862484
20141125,000000,1.2441100,1.2487200,1.2400000,1.2476900,1216126
20141126,000000,1.2476700,1.2531400,1.2441000,1.2508000,1290120
20141127,000000,1.2509000,1.2523600,1.2462000,1.2465700,972688
20141128,000000,1.2466600,1.2490300,1.2424000,1.2439200,1229666
20141129,000000,1.2439100,1.2452500,1.2438000,1.2451000,12856
20141130,000000,1.2449300,1.2473000,1.2447000,1.2470700,1747
20141201,000000,1.2471000,1.2506500,1.2418000,1.2471400,1323285
20141202,000000,1.2471300,1.2483000,1.2375000,1.2380000,1300720
20141203,000000,1.2380700,1.2390600,1.2300000,1.2309500,1309305
20141204,000000,1.2309300,1.2456300,1.2280200,1.2382100,1486818
20141205,000000,1.2382300,1.2393100,1.2269700,1.2289100,1477874
20141206,000000,1.2289100,1.2290000,1.2280100,1.2285000,27114
20141207,000000,1.2278000,1.2285000,1.2276000,1.2280000,635
20141208,000000,1.2282400,1.2343900,1.2245000,1.2310700,1304264
20141209,000000,1.2311700,1.2447800,1.2289000,1.2371700,1743628
20141210,000000,1.2371700,1.2447900,1.2359000,1.2444600,1527941
20141211,000000,1.2443800,1.2495200,1.2368900,1.2388000,1814420
20141212,000000,1.2388500,1.2485300,1.2382000,1.2454200,1404837
20141213,000000,1.2454700,1.2463800,1.2442400,1.2460000,32018
20141214,000000,1.2459400,1.2480000,1.2454000,1.2476800,1055
20141215,000000,1.2477000,1.2483300,1.2413000,1.2434500,1546150
20141216,000000,1.2434800,1.2569900,1.2431000,1.2514700,1877440
20141217,000000,1.2514400,1.2516600,1.2319900,1.2340500,1879551
20141218,000000,1.2341500,1.2352800,1.2263000,1.2285400,1708985
20141219,000000,1.2285100,1.2302200,1.2218800,1.2225500,1246662
20141220,000000,1.2226100,1.2234600,1.2223600,1.2225500,24190
20141221,000000,1.2225000,1.2225000,1.2218000,1.2221000,612
20141222,000000,1.2220800,1.2272600,1.2214000,1.2226300,937191
20141223,000000,1.2225700,1.2245700,1.2162000,1.2171200,1062965
20141224,000000,1.2169000,1.2220200,1.2165000,1.2202800,699329
20141225,000000,1.2203200,1.2254000,1.2186000,1.2216500,62436
20141226,000000,1.2216400,1.2226100,1.2166000,1.2177700,494834
20141227,000000,1.2177400,1.2182000,1.2173800,1.2177700,15093
20141228,000000,1.2184800,1.2185000,1.2166500,1.2176500,5307
20141229,000000,1.2181000,1.2221000,1.2141000,1.2153500,908742
20141230,000000,1.2153400,1.2187400,1.2126000,1.2154300,994113
20141231,000000,1.2155000,1.2169700,1.2095000,1.2100500,808816
20150101,000000,1.2100300,1.2104000,1.2091800,1.2096500,19776
20150102,000000,1.2101000,1.2107500,1.2000000,1.2003200,914747
20150103,000000,1.2003000,1.2006300,1.1992500,1.1996500,22427
20150104,000000,1.2001000,1.2005100,1.1995300,1.2000000,5052
20150105,000000,1.1999900,1.2002500,1.1865000,1.1936200,1468035
20150106,000000,1.1935800,1.1968700,1.1881000,1.1898300,1600873
20150107,000000,1.1898300,1.1899300,1.1799000,1.1832000,1673827
20150108,000000,1.1832100,1.1847600,1.1752000,1.1788100,1469153
20150109,000000,1.1788200,1.1846000,1.1761000,1.1843000,1426418
20150110,000000,1.1842600,1.1844800,1.1827900,1.1835900,26659
20150111,000000,1.1840000,1.1855000,1.1837000,1.1850800,9755
20150112,000000,1.1850700,1.1870900,1.1784000,1.1836500,1100164
20150113,000000,1.1836500,1.1859700,1.1752000,1.1771000,1281423
20150114,000000,1.1770800,1.1846000,1.1726000,1.1788600,1446270
20150115,000000,1.1789300,1.1792900,1.1566900,1.1618300,1891927
20150116,000000,1.1618400,1.1650000,1.1458000,1.1568700,1614910
20150117,000000,1.1568800,1.1575000,1.1551400,1.1568900,26206
20150118,000000,1.1547400,1.1565000,1.1541500,1.1542000,2381
20150119,000000,1.1541900,1.1640000,1.1541500,1.1608900,1268306
20150120,000000,1.1608700,1.1614900,1.1538000,1.1550900,1410661
20150121,000000,1.1550900,1.1679600,1.1539000,1.1588100,1544104
20150122,000000,1.1588200,1.1651400,1.1350000,1.1360400,1763324
20150123,000000,1.1360100,1.1373900,1.1113000,1.1207700,2019028
20150124,000000,1.1207600,1.1258000,1.1195500,1.1203100,36137
20150125,000000,1.1185000,1.1195000,1.1135900,1.1155800,5768
20150126,000000,1.1156000,1.1295800,1.1096600,1.1262300,1574976
20150127,000000,1.1261800,1.1422500,1.1221000,1.1379100,1691391
20150128,000000,1.1379300,1.1383200,1.1281000,1.1289100,1616032
20150129,000000,1.1289000,1.1368000,1.1260000,1.1324400,1568762
20150130,000000,1.1324300,1.1363800,1.1277000,1.1299400,1518414
20150131,000000,1.1299400,1.1300000,1.1272500,1.1285900,37655
20150202,000000,1.1318300,1.1362100,1.1290000,1.1335000,1313264
20150203,000000,1.1334800,1.1533800,1.1311000,1.1482400,1705132
20150204,000000,1.1481800,1.1488900,1.1378000,1.1390500,1548399
20150205,000000,1.1389500,1.1498800,1.1302000,1.1486000,1819959
20150206,000000,1.1485800,1.1486700,1.1310000,1.1319900,1467329
20150207,000000,1.1319400,1.1323900,1.1309500,1.1309500,27139
20150208,000000,1.1315000,1.1330200,1.1282400,1.1294900,8894
20150209,000000,1.1292100,1.1359600,1.1267000,1.1323600,1359063
20150210,000000,1.1323500,1.1345500,1.1271000,1.1315800,1431443
20150211,000000,1.1316100,1.1331500,1.1277000,1.1293200,1255230
20150212,000000,1.1292500,1.1423100,1.1286000,1.1410300,1667149
20150213,000000,1.1410300,1.1443100,1.1377000,1.1398200,1313577
20150214,000000,1.1398500,1.1401500,1.1373500,1.1377500,23079
20150215,000000,1.1381700,1.1423000,1.1379000,1.1404500,2485
20150216,000000,1.1404900,1.1430000,1.1318000,1.1346100,937295
20150217,000000,1.1346100,1.1449000,1.1321000,1.1417300,1419584
20150218,000000,1.1417400,1.1419400,1.1332000,1.1399500,1235068
20150219,000000,1.1397900,1.1450100,1.1354800,1.1359500,1174364
20150220,000000,1.1359500,1.1429700,1.1277900,1.1376900,1455857
20150221,000000,1.1376300,1.1384400,1.1369100,1.1379300,26146
20150222,000000,1.1399000,1.1412000,1.1382500,1.1400800,7075
20150223,000000,1.1400700,1.1403000,1.1292000,1.1331600,1084328
20150224,000000,1.1331600,1.1358100,1.1287000,1.1342400,1356391
20150225,000000,1.1342600,1.1390000,1.1333000,1.1364300,1277649
20150226,000000,1.1363500,1.1380000,1.1182000,1.1197900,1315421
20150227,000000,1.1197900,1.1245100,1.1173000,1.1189800,1366545
20150228,000000,1.1189900,1.1197800,1.1186600,1.1191600,15381
20150301,000000,1.1186000,1.1187000,1.1169200,1.1172200,8865
20150302,000000,1.1177000,1.1240500,1.1157000,1.1181000,875091
20150303,000000,1.1181200,1.1217500,1.1152000,1.1174500,1149620
20150304,000000,1.1175000,1.1186600,1.1060000,1.1075700,1389164
20150305,000000,1.1074600,1.1114400,1.0985000,1.1026000,1349380
20150306,000000,1.1027700,1.1032700,1.0840000,1.0848800,1506182
20150307,000000,1.0849300,1.0855000,1.0834600,1.0845500,26228
20150308,000000,1.0830000,1.0839000,1.0821500,1.0829800,10076
20150309,000000,1.0830400,1.0906500,1.0820000,1.0850500,1146010
20150310,000000,1.0851300,1.0855900,1.0691000,1.0696800,1687498
20150311,000000,1.0697100,1.0717000,1.0508000,1.0546000,1971283
20150312,000000,1.0546400,1.0683800,1.0493000,1.0633600,1993369
20150313,000000,1.0633200,1.0635000,1.0461000,1.0494900,1707105
20150314,000000,1.0494100,1.0500000,1.0480500,1.0500000,488
20150315,000000,1.0479000,1.0485400,1.0451500,1.0465100,9102
20150316,000000,1.0465000,1.0619400,1.0464900,1.0566000,1436274
20150317,000000,1.0566600,1.0650800,1.0548000,1.0596600,1414716
20150318,000000,1.0596900,1.1040000,1.0577000,1.0861300,1864706
20150319,000000,1.0864000,1.0919800,1.0612100,1.0658400,2320793
20150320,000000,1.0658300,1.0882400,1.0647000,1.0818400,1813598
20150321,000000,1.0821800,1.0825000,1.0810000,1.0811500,64
20150322,000000,1.0833000,1.0845200,1.0824000,1.0839400,6507
20150323,000000,1.0839300,1.0971300,1.0766000,1.0945000,1989567
20150324,000000,1.0945400,1.1029400,1.0888000,1.0923000,1945426
20150325,000000,1.0923000,1.1015000,1.0898000,1.0968200,1650246
20150326,000000,1.0968100,1.1052300,1.0854000,1.0883200,1903891
20150327,000000,1.0882600,1.0948800,1.0799000,1.0880600,1727831
20150328,000000,1.0887000,1.0896000,1.0880900,1.0893500,165
20150329,000000,1.0883000,1.0891200,1.0876800,1.0886600,8460
20150330,000000,1.0886000,1.0895000,1.0808000,1.0832200,1414851
20150331,000000,1.0832200,1.0833100,1.0712000,1.0730600,1433964
20150401,000000,1.0730300,1.0800100,1.0716000,1.0762400,1708973
20150402,000000,1.0761600,1.0905500,1.0748000,1.0879400,1571152
20150403,000000,1.0880000,1.1027000,1.0861000,1.0976400,943567
20150404,000000,1.0967600,1.0976000,1.0963500,1.0963500,90
20150405,000000,1.0971000,1.1004000,1.0971000,1.1001400,5774
20150406,000000,1.1001200,1.1035600,1.0907000,1.0920800,937623
20150407,000000,1.0920800,1.0954800,1.0801000,1.0813900,1615870
20150408,000000,1.0814300,1.0887500,1.0762000,1.0779800,1777974
20150409,000000,1.0779800,1.0790000,1.0635000,1.0658400,1649279
20150410,000000,1.0658600,1.0683700,1.0566000,1.0603400,1609673
20150411,000000,1.0603400,1.0603400,1.0596800,1.0596800,78
20150412,000000,1.0599500,1.0602000,1.0580500,1.0584700,5592
20150413,000000,1.0584600,1.0619800,1.0519000,1.0566700,1634122
20150414,000000,1.0565000,1.0707300,1.0529000,1.0655600,1678997
20150415,000000,1.0653800,1.0702000,1.0569000,1.0683400,1875553
20150416,000000,1.0683100,1.0817700,1.0623000,1.0759800,2184113
20150417,000000,1.0760100,1.0848700,1.0732700,1.0804300,1915382
20150418,000000,1.0804300,1.0805100,1.0802800,1.0805100,11
20150419,000000,1.0830000,1.0830000,1.0809900,1.0817800,6806
20150420,000000,1.0818500,1.0821200,1.0711500,1.0737400,1523141
20150421,000000,1.0736500,1.0781300,1.0658000,1.0735100,1604218
20150422,000000,1.0735100,1.0800900,1.0706000,1.0724000,1674770
20150423,000000,1.0723400,1.0845800,1.0665000,1.0822100,1824850
20150424,000000,1.0821900,1.0900200,1.0782000,1.0868500,1842079
20150425,000000,1.0868500,1.0873400,1.0868500,1.0869500,25
20150426,000000,1.0860000,1.0868100,1.0855700,1.0863000,953
20150427,000000,1.0862400,1.0926600,1.0818000,1.0889800,1545618
20150428,000000,1.0889300,1.0991100,1.0859000,1.0980200,1716751
20150429,000000,1.0979900,1.1187900,1.0957000,1.1127500,2001251
20150430,000000,1.1127600,1.1266200,1.1069000,1.1223600,2192275
20150501,000000,1.1223000,1.1290000,1.1173800,1.1198000,1559152
20150502,000000,1.1200000,1.1201600,1.1195800,1.1195800,80
20150503,000000,1.1200000,1.1200000,1.1178000,1.1190100,2862
20150504,000000,1.1196600,1.1224600,1.1120000,1.1145100,1333793
20150505,000000,1.1144900,1.1223100,1.1064000,1.1185100,1525152
20150506,000000,1.1184700,1.1370100,1.1173000,1.1346500,1570924
20150507,000000,1.1345600,1.1391700,1.1236000,1.1264100,1484929
20150508,000000,1.1266000,1.1288700,1.1177000,1.1201500,1514040
20150509,000000,1.1200000,1.1205900,1.1192000,1.1192000,45
20150510,000000,1.1196000,1.1202300,1.1191000,1.1194000,4391
20150511,000000,1.1197200,1.1206500,1.1128000,1.1153900,1254470
20150512,000000,1.1155100,1.1278800,1.1131000,1.1212000,1210013
20150513,000000,1.1212700,1.1382700,1.1201000,1.1353300,1312699
20150514,000000,1.1352600,1.1444700,1.1338000,1.1409900,1342570
20150515,000000,1.1409300,1.1466700,1.1321000,1.1448000,1308538
20150516,000000,1.1448400,1.1451000,1.1442000,1.1442000,115
20150517,000000,1.1450000,1.1450000,1.1430000,1.1445600,610
20150518,000000,1.1447500,1.1449300,1.1297000,1.1314000,1216743
20150519,000000,1.1312300,1.1326400,1.1117000,1.1148300,1480185
20150520,000000,1.1149400,1.1153000,1.1060000,1.1091700,1596165
20150521,000000,1.1091900,1.1181400,1.1077000,1.1111200,1362733
20150522,000000,1.1111600,1.1208400,1.0999000,1.1007000,1324756
20150523,000000,1.1009800,1.1012000,1.1002000,1.1002000,28
20150524,000000,1.1003000,1.1006000,1.0993300,1.0997900,7813
20150525,000000,1.1001500,1.1009700,1.0956000,1.0976000,607677
20150526,000000,1.0977500,1.0981200,1.0861000,1.0870100,1327629
20150527,000000,1.0871400,1.0930000,1.0817000,1.0902500,1308450
20150528,000000,1.0902800,1.0958800,1.0866000,1.0947000,1440393
20150529,000000,1.0947500,1.1006300,1.0924000,1.0984900,1294992
20150530,000000,1.0990400,1.0990900,1.0988600,1.0990800,14
20150531,000000,1.0990400,1.0990400,1.0973900,1.0978300,4531
20150601,000000,1.0976900,1.0989500,1.0885000,1.0924100,1282819
20150602,000000,1.0925600,1.1194100,1.0914000,1.1149700,1545673
20150603,000000,1.1148800,1.1285100,1.1078700,1.1273700,1509082
20150604,000000,1.1272800,1.1380000,1.1222000,1.1236800,1507267
20150605,000000,1.1237000,1.1280000,1.1048000,1.1110700,1505948
20150606,000000,1.1110300,1.1113100,1.1106800,1.1106800,80
20150607,000000,1.1110000,1.1110000,1.1077100,1.1092000,6755
20150608,000000,1.1094900,1.1306900,1.1081000,1.1290600,1333769
20150609,000000,1.1290900,1.1345400,1.1212000,1.1281600,1481399
20150610,000000,1.1280600,1.1386500,1.1259100,1.1322100,1627431
20150611,000000,1.1322000,1.1332000,1.1181000,1.1257300,1302889
20150612,000000,1.1256400,1.1296500,1.1148000,1.1264800,1426355
20150613,000000,1.1265700,1.1265700,1.1257100,1.1257100,92
20150614,000000,1.1230000,1.1237000,1.1206100,1.1208300,6520
20150615,000000,1.1210900,1.1294400,1.1186000,1.1282600,1219170
20150616,000000,1.1283100,1.1330000,1.1203000,1.1247000,1147108
20150617,000000,1.1247600,1.1357800,1.1203700,1.1336600,1317936
20150618,000000,1.1335400,1.1436400,1.1329000,1.1356000,1387360
20150619,000000,1.1357700,1.1400300,1.1291000,1.1348700,1102401
20150620,000000,1.1351000,1.1355000,1.1346000,1.1350000,111
20150621,000000,1.1362000,1.1382000,1.1360000,1.1372500,4958
20150622,000000,1.1372400,1.1410300,1.1311000,1.1339500,1177070
20150623,000000,1.1340300,1.1347400,1.1133900,1.1166200,1580969
20150624,000000,1.1166800,1.1234700,1.1153000,1.1200700,1706033
20150625,000000,1.1203000,1.1227700,1.1151000,1.1202700,1499489
20150626,000000,1.1203400,1.1220000,1.1129000,1.1159100,1439183
20150627,000000,1.1165400,1.1167500,1.1161700,1.1161700,89
20150628,000000,1.1026000,1.1042000,1.0995000,1.1002800,2221
20150629,000000,1.1002600,1.1278500,1.0951300,1.1235000,2162027
20150630,000000,1.1235000,1.1244300,1.1111000,1.1135700,1871867
20150701,000000,1.1135700,1.1171300,1.1041000,1.1051700,1616199
20150702,000000,1.1051700,1.1121200,1.1030000,1.1082200,1484312
20150703,000000,1.1083200,1.1120000,1.1064000,1.1093900,1212575
20150704,000000,1.1112000,1.1115000,1.1112000,1.1115000,10
20150705,000000,1.1000000,1.1017100,1.0976400,1.0984000,1098
20150706,000000,1.0989000,1.1095500,1.0968300,1.1055100,1380561
20150707,000000,1.1055600,1.1059000,1.0914000,1.1010300,1801661
20150708,000000,1.1010200,1.1092800,1.0971000,1.1074500,1848013
20150709,000000,1.1076000,1.1124900,1.0990000,1.1035700,1702346
20150710,000000,1.1035600,1.1216000,1.1027600,1.1160500,1835983
20150711,000000,1.1162000,1.1162000,1.1149700,1.1151600,10
20150712,000000,1.1110000,1.1125700,1.1085000,1.1091900,4294
20150713,000000,1.1094300,1.1196900,1.0993900,1.1004000,1651089
20150714,000000,1.1000700,1.1084600,1.0964000,1.1008500,1490836
20150715,000000,1.1007800,1.1035600,1.0928000,1.0945300,1591518
20150716,000000,1.0945700,1.0962700,1.0854000,1.0874500,1613364
20150717,000000,1.0872400,1.0906900,1.0826500,1.0827700,1433083
20150718,000000,1.0827700,1.0829000,1.0824000,1.0828000,123
20150719,000000,1.0832000,1.0839500,1.0829000,1.0830000,301
20150720,000000,1.0829900,1.0870300,1.0807000,1.0824400,1107814
20150721,000000,1.0823700,1.0969100,1.0809000,1.0932500,1520732
20150722,000000,1.0934200,1.0966700,1.0868000,1.0928200,1446154
20150723,000000,1.0926300,1.1017900,1.0919000,1.0983300,1541165
20150724,000000,1.0981400,1.0995800,1.0922000,1.0979600,1308974
20150725,000000,1.0983800,1.0983800,1.0980000,1.0980000,11
20150726,000000,1.0970000,1.0989000,1.0970000,1.0980000,3593
20150727,000000,1.0980800,1.1129400,1.0966000,1.1086800,1428791
20150728,000000,1.1086700,1.1099600,1.1019000,1.1059400,1428072
20150729,000000,1.1058900,1.1084000,1.0964000,1.0981200,1592575
20150730,000000,1.0980400,1.0989400,1.0892000,1.0930000,1581448
20150731,000000,1.0930200,1.1114100,1.0918000,1.0982700,1740528
20150801,000000,1.0982700,1.0986000,1.0979900,1.0980400,109
20150802,000000,1.0965000,1.0984400,1.0964000,1.0972100,847
20150803,000000,1.0972000,1.0995900,1.0939000,1.0949800,1404934
20150804,000000,1.0948400,1.0990000,1.0877000,1.0880600,1576854
20150805,000000,1.0879500,1.0934000,1.0846000,1.0905500,1601234
20150806,000000,1.0903800,1.0935600,1.0872000,1.0922800,1438786
20150807,000000,1.0923100,1.0978400,1.0854000,1.0964700,1507354
20150808,000000,1.0964300,1.0965200,1.0961700,1.0961700,41
20150809,000000,1.0966000,1.0973000,1.0960500,1.0963000,1535
20150810,000000,1.0959600,1.1041400,1.0923000,1.1017900,1343712
20150811,000000,1.1017600,1.1088300,1.0958000,1.1040500,1783558
20150812,000000,1.1040700,1.1214000,1.1023100,1.1156100,1803888
20150813,000000,1.1155100,1.1189000,1.1079000,1.1148300,1571500
20150814,000000,1.1148300,1.1190000,1.1096000,1.1107000,1427058
20150815,000000,1.1107900,1.1112000,1.1104000,1.1104000,181
20150816,000000,1.1112900,1.1119900,1.1106900,1.1119400,1243
20150817,000000,1.1111900,1.1124900,1.1057900,1.1075500,1366874
20150818,000000,1.1076600,1.1093800,1.1015000,1.1020800,1363918
20150819,000000,1.1022600,1.1134200,1.1015000,1.1119600,1706513
20150820,000000,1.1118600,1.1244700,1.1104000,1.1240900,1701436
20150821,000000,1.1238900,1.1388700,1.1226000,1.1383300,1957916
20150822,000000,1.1384900,1.1393000,1.1377600,1.1383600,382
20150823,000000,1.1375000,1.1382800,1.1368000,1.1374400,411
20150824,000000,1.1376000,1.1714000,1.1367000,1.1615500,2835925
20150825,000000,1.1617100,1.1621800,1.1394000,1.1514200,2598933
20150826,000000,1.1514200,1.1561200,1.1290000,1.1311300,2512826
20150827,000000,1.1311700,1.1364300,1.1201000,1.1243000,2018726
20150828,000000,1.1245200,1.1310000,1.1154100,1.1184900,1733668
20150829,000000,1.1184900,1.1184900,1.1177000,1.1179800,53
20150830,000000,1.1171000,1.1184000,1.1158000,1.1172000,3696
20150831,000000,1.1170900,1.1262600,1.1168100,1.1208600,1414675
20150901,000000,1.1209500,1.1332200,1.1205000,1.1312900,2042342
20150902,000000,1.1312500,1.1319300,1.1215000,1.1224600,1663308
20150903,000000,1.1225600,1.1243400,1.1085000,1.1122800,1720412
20150904,000000,1.1121300,1.1189700,1.1088000,1.1142700,1712580
20150905,000000,1.1151000,1.1151000,1.1148200,1.1149000,22
20150906,000000,1.1159600,1.1165000,1.1151900,1.1158800,4073
20150907,000000,1.1162000,1.1180000,1.1120000,1.1169000,1227331
20150908,000000,1.1169300,1.1229600,1.1150000,1.1200800,1566009
20150909,000000,1.1199700,1.1217500,1.1129000,1.1205900,1604509
20150910,000000,1.1206100,1.1295400,1.1169000,1.1278300,1700609
20150911,000000,1.1279000,1.1349500,1.1251000,1.1334800,1565754
20150912,000000,1.1337000,1.1339000,1.1337000,1.1339000,11
20150913,000000,1.1331000,1.1332200,1.1327200,1.1329700,1837
20150914,000000,1.1329600,1.1373100,1.1282000,1.1315300,1337633
20150915,000000,1.1315300,1.1328700,1.1256000,1.1268100,1549976
20150916,000000,1.1267300,1.1320600,1.1211000,1.1289400,1517612
20150917,000000,1.1290000,1.1441300,1.1282000,1.1433600,1805235
20150918,000000,1.1432700,1.1460300,1.1268000,1.1299100,1925564
20150919,000000,1.1296900,1.1310000,1.1296900,1.1308000,186
20150920,000000,1.1280000,1.1289000,1.1262000,1.1280400,3716
20150921,000000,1.1280900,1.1330100,1.1179000,1.1188000,1547900
20150922,000000,1.1189000,1.1207700,1.1111000,1.1119100,1621729
20150923,000000,1.1119100,1.1213500,1.1102000,1.1184900,1713382
20150924,000000,1.1185500,1.1296000,1.1162600,1.1228500,1893854
20150925,000000,1.1227700,1.1233700,1.1114000,1.1192300,1826654
20150926,000000,1.1193000,1.1198100,1.1184000,1.1192000,105
20150927,000000,1.1184000,1.1186500,1.1172700,1.1185200,3682
20150928,000000,1.1183500,1.1247700,1.1145000,1.1243800,1614717
20150929,000000,1.1243100,1.1281400,1.1192000,1.1247300,1775399
20150930,000000,1.1246700,1.1262400,1.1156000,1.1174800,1580026
20151001,000000,1.1174400,1.1210000,1.1132000,1.1192600,1545411
20151002,000000,1.1193400,1.1318400,1.1148000,1.1209800,1829261
20151003,000000,1.1209000,1.1217700,1.1206000,1.1207000,68
20151004,000000,1.1214800,1.1226200,1.1213300,1.1217100,2701
20151005,000000,1.1219500,1.1290000,1.1170000,1.1186100,1709465
20151006,000000,1.1186100,1.1279600,1.1170700,1.1269600,1552395
20151007,000000,1.1269800,1.1284300,1.1209000,1.1236100,1377022
20151008,000000,1.1236400,1.1327600,1.1232400,1.1274600,1325775
20151009,000000,1.1274400,1.1387200,1.1265000,1.1355400,1355943
20151010,000000,1.1357100,1.1357200,1.1350000,1.1355000,148
20151011,000000,1.1355700,1.1364000,1.1350000,1.1360500,417
20151012,000000,1.1361000,1.1400000,1.1351800,1.1357500,1067484
20151013,000000,1.1357900,1.1411100,1.1342900,1.1378300,1471842
20151014,000000,1.1378600,1.1489100,1.1374100,1.1472700,1634415
20151015,000000,1.1472000,1.1495200,1.1360000,1.1379200,1731332
20151016,000000,1.1386800,1.1396000,1.1333000,1.1347200,1476981
20151017,000000,1.1345500,1.1347300,1.1345500,1.1347300,9
20151018,000000,1.1350300,1.1360000,1.1345000,1.1357000,871
20151019,000000,1.1357900,1.1380000,1.1304000,1.1325300,1198082
20151020,000000,1.1325600,1.1387100,1.1321000,1.1344300,1170788
20151021,000000,1.1344400,1.1377600,1.1333000,1.1335900,1183406
20151022,000000,1.1337300,1.1351200,1.1098200,1.1108200,1683566
20151023,000000,1.1107000,1.1140000,1.0995700,1.1014300,1765024
20151024,000000,1.1017400,1.1019000,1.1010000,1.1015000,249
20151025,000000,1.1010000,1.1010200,1.0987000,1.1000200,5330
20151026,000000,1.1000100,1.1068200,1.0998600,1.1056600,1513109
20151027,000000,1.1056000,1.1078600,1.1027000,1.1048500,1528644
20151028,000000,1.1050000,1.1096000,1.0895900,1.0921300,1812554
20151029,000000,1.0922100,1.0985700,1.0901600,1.0976400,1833257
20151030,000000,1.0976200,1.1072500,1.0963500,1.1003300,2003017
20151031,000000,1.1002900,1.1011000,1.1002900,1.1011000,50
20151101,000000,1.1013000,1.1042800,1.1011000,1.1040000,7567
20151102,000000,1.1038000,1.1053000,1.0998000,1.1016100,1377288
20151103,000000,1.1017000,1.1030100,1.0934000,1.0962600,1490785
20151104,000000,1.0962600,1.0968800,1.0842000,1.0859900,1728623
20151105,000000,1.0860100,1.0897700,1.0831600,1.0876000,1542607
20151106,000000,1.0876300,1.0888300,1.0706000,1.0742800,1564129
20151107,000000,1.0743600,1.0745700,1.0735000,1.0735600,25350
20151108,000000,1.0735000,1.0738000,1.0720900,1.0723800,6713
20151109,000000,1.0723700,1.0790000,1.0718000,1.0755200,1488748
20151110,000000,1.0755900,1.0764100,1.0671000,1.0714100,1555283
20151111,000000,1.0714200,1.0773700,1.0703000,1.0742400,1453789
20151112,000000,1.0742100,1.0830300,1.0689000,1.0808500,1862044
20151113,000000,1.0809400,1.0823400,1.0711000,1.0750200,1756596
20151114,000000,1.0750400,1.0774600,1.0745800,1.0768700,45064
20151115,000000,1.0730000,1.0776000,1.0724100,1.0725000,6148
20151116,000000,1.0728000,1.0758100,1.0673000,1.0684000,1307458
20151117,000000,1.0684700,1.0692000,1.0628000,1.0646400,1581887
20151118,000000,1.0646200,1.0692600,1.0615000,1.0651700,1531862
20151119,000000,1.0651700,1.0763000,1.0649000,1.0732900,1868256
20151120,000000,1.0733000,1.0741000,1.0638000,1.0645200,1739870
20151121,000000,1.0645100,1.0650100,1.0638000,1.0641900,35022
20151122,000000,1.0641200,1.0646000,1.0634000,1.0637000,517
20151123,000000,1.0636000,1.0656700,1.0591700,1.0626900,1648472
20151124,000000,1.0626700,1.0673400,1.0618700,1.0645000,1755383
20151125,000000,1.0645000,1.0690000,1.0565000,1.0617000,1909816
20151126,000000,1.0616300,1.0631000,1.0597000,1.0606200,1246597
20151127,000000,1.0606500,1.0638000,1.0566000,1.0593400,1407277
20151128,000000,1.0593100,1.0597000,1.0587400,1.0587400,25540
20151129,000000,1.0589000,1.0596400,1.0583000,1.0587700,7061
20151130,000000,1.0587600,1.0595000,1.0555000,1.0566200,1464386
20151201,000000,1.0566200,1.0637100,1.0560200,1.0631800,1592174
20151202,000000,1.0631100,1.0637000,1.0549900,1.0614500,1769572
20151203,000000,1.0614600,1.0981100,1.0520000,1.0948900,2343016
20151204,000000,1.0950000,1.0959000,1.0835000,1.0873600,2366075
20151205,000000,1.0873800,1.0885600,1.0868900,1.0881800,33518
20151206,000000,1.0859000,1.0877200,1.0859000,1.0865500,936
20151207,000000,1.0865800,1.0887000,1.0793000,1.0846200,1571429
20151208,000000,1.0846100,1.0902700,1.0828000,1.0894200,1824916
20151209,000000,1.0894300,1.1042800,1.0878200,1.1018100,2094601
20151210,000000,1.1018600,1.1030000,1.0923000,1.0946000,1870957
20151211,000000,1.0945900,1.1030800,1.0924600,1.0988000,2024276
20151212,000000,1.0989100,1.0996800,1.0978600,1.0986500,47179
20151213,000000,1.0978400,1.0985000,1.0974000,1.0974800,4096
20151214,000000,1.0974700,1.1050000,1.0943900,1.0985600,2015879
20151215,000000,1.0985600,1.1060000,1.0902000,1.0920600,1950620
20151216,000000,1.0920300,1.1011700,1.0887000,1.0917100,2178923
20151217,000000,1.0917500,1.0918300,1.0800000,1.0817600,1890999
20151218,000000,1.0818000,1.0874400,1.0802000,1.0872700,1898677
20151219,000000,1.0872800,1.0873300,1.0861800,1.0862900,37948
20151220,000000,1.0863500,1.0869000,1.0860600,1.0863000,1425
20151221,000000,1.0864800,1.0939200,1.0846000,1.0919900,1553820
20151222,000000,1.0920300,1.0984200,1.0900000,1.0950100,1544722
20151223,000000,1.0950800,1.0957200,1.0867000,1.0922800,1360582
20151224,000000,1.0922300,1.0971000,1.0901700,1.0963300,939458
20151225,000000,1.0963200,1.0975000,1.0939000,1.0973000,40474
20151226,000000,1.0975000,1.0975000,1.0973000,1.0973000,1281
20151227,000000,1.0952000,1.0952000,1.0948000,1.0948000,41
20151228,000000,1.0952000,1.0992500,1.0950900,1.0973000,1006503
20151229,000000,1.0973300,1.0991800,1.0898000,1.0933900,1186175
20151230,000000,1.0934200,1.0943700,1.0899000,1.0930500,1229430
20151231,000000,1.0930700,1.0937200,1.0850000,1.0865500,1074895
20160101,000000,1.0865500,1.0869500,1.0848000,1.0858400,34724
20160102,000000,1.0863000,1.0863600,1.0858400,1.0858400,108
20160103,000000,1.0850000,1.0861700,1.0849100,1.0853800,2238
20160104,000000,1.0855100,1.0946300,1.0779000,1.0828500,1868632
20160105,000000,1.0828700,1.0838800,1.0708000,1.0750400,1693222
20160106,000000,1.0750100,1.0799400,1.0713600,1.0787000,1876213
20160107,000000,1.0787000,1.0940100,1.0770000,1.0934300,2165088
20160108,000000,1.0934600,1.0940000,1.0801300,1.0918000,2160739
20160109,000000,1.0919300,1.0930300,1.0914700,1.0919300,41168
20160110,000000,1.0919500,1.0919500,1.0912000,1.0915000,1687
20160111,000000,1.0917000,1.0969800,1.0846900,1.0852100,1941372
20160112,000000,1.0851700,1.0900200,1.0818000,1.0853700,2054182
20160113,000000,1.0853900,1.0883600,1.0802000,1.0882500,2070597
20160114,000000,1.0882600,1.0943200,1.0833100,1.0864600,2264097
20160115,000000,1.0864400,1.0984600,1.0852500,1.0917400,2350331
20160116,000000,1.0917200,1.0920000,1.0903700,1.0915800,36904
20160117,000000,1.0910000,1.0937900,1.0909000,1.0927700,4051
20160118,000000,1.0927600,1.0937100,1.0868000,1.0898100,1475044
20160119,000000,1.0898500,1.0938900,1.0857000,1.0909900,1893361
20160120,000000,1.0910200,1.0976000,1.0874800,1.0891100,2276026
20160121,000000,1.0891200,1.0921600,1.0777000,1.0887700,2499375
20160122,000000,1.0887900,1.0889100,1.0787500,1.0795900,2069026
20160123,000000,1.0796800,1.0801600,1.0791500,1.0793400,35604
20160124,000000,1.0797800,1.0799600,1.0788300,1.0790900,593
20160125,000000,1.0791700,1.0856600,1.0786400,1.0854000,1694772
20160126,000000,1.0854100,1.0874400,1.0816000,1.0858900,1735616
20160127,000000,1.0858800,1.0916500,1.0848500,1.0891600,2003296
20160128,000000,1.0892200,1.0967700,1.0862000,1.0940900,1922340
20160129,000000,1.0940900,1.0948500,1.0808000,1.0833300,2331773
20160130,000000,1.0833200,1.0836700,1.0827500,1.0829000,31392
20160131,000000,1.0833000,1.0842000,1.0819100,1.0828000,4917
20160201,000000,1.0833400,1.0912800,1.0812400,1.0893800,1629665
20160202,000000,1.0894300,1.0940000,1.0882600,1.0913100,1741128
20160203,000000,1.0913800,1.1145500,1.0902000,1.1108800,2295649
20160204,000000,1.1109000,1.1240000,1.1068000,1.1204700,2549812
20160205,000000,1.1205700,1.1246400,1.1107000,1.1152300,2089759
20160206,000000,1.1152600,1.1166000,1.1146100,1.1152100,45107
20160207,000000,1.1151300,1.1152300,1.1144300,1.1144300,60
20160208,000000,1.1143000,1.1215900,1.1084000,1.1189400,2141393
20160209,000000,1.1190200,1.1338000,1.1161000,1.1293000,2827593
20160210,000000,1.1294000,1.1311500,1.1159700,1.1293400,2742439
20160211,000000,1.1293100,1.1376400,1.1272000,1.1325900,3141506
20160212,000000,1.1325800,1.1334000,1.1213000,1.1253900,2546859
20160213,000000,1.1253800,1.1259200,1.1244600,1.1254000,40858
20160214,000000,1.1248400,1.1248400,1.1226800,1.1236700,52
20160215,000000,1.1237000,1.1249900,1.1126000,1.1152500,1912523
20160216,000000,1.1152500,1.1192900,1.1122200,1.1141000,2301773
20160217,000000,1.1141900,1.1180000,1.1104100,1.1129600,2335343
20160218,000000,1.1129900,1.1150000,1.1070000,1.1097500,2271581
20160219,000000,1.1097500,1.1140000,1.1064000,1.1128900,2174816
20160220,000000,1.1129500,1.1133200,1.1124500,1.1126400,46210
20160221,000000,1.1128900,1.1131700,1.1113000,1.1118400,3041
20160222,000000,1.1118300,1.1124700,1.1002000,1.1024000,1949552
20160223,000000,1.1024800,1.1052700,1.0988000,1.1017700,2205845
20160224,000000,1.1017700,1.1046300,1.0956000,1.1006600,1898915
20160225,000000,1.1007200,1.1050000,1.0985800,1.1024600,2193687
20160226,000000,1.1024400,1.1068300,1.0911000,1.0939600,2122833
20160227,000000,1.0939200,1.0940300,1.0924100,1.0931000,36861
20160228,000000,1.0922000,1.0928000,1.0916200,1.0919700,2298
20160229,000000,1.0919600,1.0962600,1.0857000,1.0878500,2025977
20160301,000000,1.0878900,1.0893500,1.0832200,1.0866900,2157900
20160302,000000,1.0867700,1.0881100,1.0823600,1.0865900,2003902
20160303,000000,1.0865700,1.0972700,1.0851300,1.0960700,1808921
20160304,000000,1.0960300,1.1043400,1.0902000,1.1001300,2141419
20160305,000000,1.1001600,1.1012400,1.0998300,1.1004000,43506
20160306,000000,1.0998900,1.1000000,1.0989900,1.0989900,205
20160307,000000,1.0990000,1.1025800,1.0937000,1.1011900,1530052
20160308,000000,1.1012000,1.1057700,1.0991600,1.1004600,1926011
20160309,000000,1.1005300,1.1035000,1.0944000,1.1003500,1806698
20160310,000000,1.1003000,1.1218200,1.0821000,1.1177900,2386785
20160311,000000,1.1177900,1.1209800,1.1078000,1.1150400,2307577
20160312,000000,1.1150500,1.1155100,1.1144000,1.1152200,36408
20160313,000000,1.1145400,1.1145400,1.1129400,1.1135300,2612
20160314,000000,1.1136500,1.1176300,1.1076800,1.1101000,1751548
20160315,000000,1.1101800,1.1125000,1.1071000,1.1108700,1822540
20160316,000000,1.1108700,1.1242400,1.1055000,1.1222700,1962886
20160317,000000,1.1224000,1.1342500,1.1203900,1.1317200,2290128
20160318,000000,1.1317800,1.1337200,1.1254000,1.1268400,1879593
20160319,000000,1.1269000,1.1272000,1.1269000,1.1269000,33
20160320,000000,1.1262900,1.1266400,1.1251600,1.1256000,3921
20160321,000000,1.1260600,1.1285400,1.1232000,1.1240100,1472375
20160322,000000,1.1240300,1.1261800,1.1186000,1.1216800,1829246
20160323,000000,1.1215400,1.1223500,1.1157000,1.1179700,1613055
20160324,000000,1.1181000,1.1190000,1.1142700,1.1173400,1550876
20160325,000000,1.1173400,1.1182000,1.1151500,1.1163900,663412
20160326,000000,1.1161700,1.1163600,1.1161700,1.1163600,13
20160327,000000,1.1160000,1.1166200,1.1159200,1.1159600,1701
20160328,000000,1.1165400,1.1219900,1.1152000,1.1196000,814592
20160329,000000,1.1194500,1.1303300,1.1167700,1.1290200,1812811
20160330,000000,1.1289000,1.1365400,1.1281800,1.1336800,1928711
20160331,000000,1.1337100,1.1411900,1.1308000,1.1378100,1899897
20160401,000000,1.1377400,1.1437900,1.1334100,1.1393300,1756131
20160402,000000,1.1394300,1.1396300,1.1394000,1.1394000,21
20160403,000000,1.1385200,1.1400100,1.1383000,1.1397500,4209
20160404,000000,1.1392300,1.1412700,1.1355000,1.1389000,1377046
20160405,000000,1.1389800,1.1405100,1.1334000,1.1383000,1583292
20160406,000000,1.1383000,1.1431700,1.1325800,1.1397700,1641595
20160407,000000,1.1398400,1.1454000,1.1335600,1.1375300,1736163
20160408,000000,1.1377100,1.1420000,1.1347800,1.1394800,1460481
20160409,000000,1.1400000,1.1400000,1.1388600,1.1395000,265
20160410,000000,1.1405200,1.1418600,1.1401800,1.1413600,3715
20160411,000000,1.1413500,1.1447300,1.1370500,1.1405600,1352450
20160412,000000,1.1405600,1.1464800,1.1345200,1.1384000,1574671
20160413,000000,1.1384100,1.1391200,1.1267000,1.1273300,1614770
20160414,000000,1.1273000,1.1294800,1.1231000,1.1264900,1501609
20160415,000000,1.1264900,1.1317000,1.1243000,1.1281000,1271699
20160416,000000,1.1281000,1.1284400,1.1281000,1.1282400,25
20160417,000000,1.1315000,1.1315000,1.1291400,1.1300700,1200
20160418,000000,1.1300300,1.1332500,1.1272800,1.1311000,922362
20160419,000000,1.1310300,1.1384700,1.1301500,1.1358100,1202892
20160420,000000,1.1357600,1.1388000,1.1288000,1.1295300,1327412
20160421,000000,1.1295400,1.1398000,1.1269000,1.1287000,1495166
20160422,000000,1.1286400,1.1308600,1.1216900,1.1220900,1428040
20160423,000000,1.1224200,1.1224200,1.1215300,1.1215300,87
20160424,000000,1.1222300,1.1227000,1.1213000,1.1214000,4259
20160425,000000,1.1217200,1.1280000,1.1215200,1.1266800,1284141
20160426,000000,1.1266100,1.1340000,1.1254000,1.1295200,1411629
20160427,000000,1.1295300,1.1361200,1.1270900,1.1319800,1451358
20160428,000000,1.1319700,1.1370000,1.1294000,1.1350600,1686561
20160429,000000,1.1351500,1.1460000,1.1345900,1.1447900,1646078
20160430,000000,1.1448000,1.1452300,1.1447000,1.1448500,66
20160501,000000,1.1448500,1.1462000,1.1446100,1.1456800,4525
20160502,000000,1.1456700,1.1536200,1.1446000,1.1531100,1296884
20160503,000000,1.1534100,1.1616300,1.1493000,1.1495600,1587701
20160504,000000,1.1495900,1.1529500,1.1465600,1.1484800,1635331
20160505,000000,1.1485700,1.1494000,1.1384000,1.1403700,1367183
20160506,000000,1.1404600,1.1480700,1.1384500,1.1403700,1426020
20160507,000000,1.1403800,1.1404000,1.1399100,1.1399100,60
20160508,000000,1.1398000,1.1403000,1.1388600,1.1393000,3120
20160509,000000,1.1400800,1.1420200,1.1373400,1.1382000,1219445
20160510,000000,1.1381400,1.1409900,1.1357000,1.1371000,1311132
20160511,000000,1.1370000,1.1446700,1.1366900,1.1425800,1248660
20160512,000000,1.1425200,1.1430000,1.1368000,1.1374000,1277139
20160513,000000,1.1374600,1.1379800,1.1281000,1.1309700,1425563
20160514,000000,1.1308000,1.1308800,1.1305000,1.1305000,54
20160515,000000,1.1306000,1.1312000,1.1299000,1.1309000,3517
20160516,000000,1.1310400,1.1342400,1.1299800,1.1319100,1068815
20160517,000000,1.1319000,1.1348700,1.1301000,1.1311800,1245348
20160518,000000,1.1311000,1.1321000,1.1212000,1.1214900,1423633
20160519,000000,1.1214700,1.1230000,1.1177000,1.1202300,1407593
20160520,000000,1.1201800,1.1240000,1.1194300,1.1221900,1123187
20160521,000000,1.1222000,1.1222000,1.1219100,1.1219100,31
20160522,000000,1.1218000,1.1218900,1.1203400,1.1205700,2561
20160523,000000,1.1205600,1.1242900,1.1185000,1.1218500,1041530
20160524,000000,1.1219300,1.1227100,1.1131000,1.1140100,1209705
20160525,000000,1.1139000,1.1166900,1.1127900,1.1155000,1225231
20160526,000000,1.1153900,1.1216800,1.1147600,1.1193300,1276934
20160527,000000,1.1192800,1.1200800,1.1109000,1.1113300,1255791
20160528,000000,1.1113000,1.1113000,1.1108700,1.1108700,55
20160530,000000,1.1104200,1.1145000,1.1095900,1.1136700,794850
20160531,000000,1.1137600,1.1173400,1.1120000,1.1131100,1392604
20160601,000000,1.1131300,1.1194100,1.1111000,1.1187000,1432569
20160602,000000,1.1186600,1.1220100,1.1144000,1.1149700,1388432
20160603,000000,1.1150200,1.1373600,1.1134000,1.1366200,1486677
20160604,000000,1.1365600,1.1371000,1.1362700,1.1362700,228
20160605,000000,1.1351000,1.1358000,1.1335600,1.1353500,3584
20160606,000000,1.1354600,1.1392800,1.1325300,1.1353400,1448733
20160607,000000,1.1353400,1.1380500,1.1336000,1.1354800,1291156
20160608,000000,1.1357800,1.1410700,1.1348000,1.1393300,1299775
20160609,000000,1.1393800,1.1415500,1.1304000,1.1314300,1393244
20160610,000000,1.1314400,1.1321400,1.1243800,1.1249800,1424910
20160611,000000,1.1250000,1.1250400,1.1246600,1.1248400,131
20160612,000000,1.1250000,1.1260000,1.1242300,1.1247800,3803
20160613,000000,1.1251600,1.1302900,1.1230000,1.1290400,1436037
20160614,000000,1.1290000,1.1298800,1.1187200,1.1207200,1407539
20160615,000000,1.1205000,1.1298600,1.1188000,1.1258800,1343804
20160616,000000,1.1259700,1.1294900,1.1128900,1.1224000,1719754
20160617,000000,1.1224600,1.1296300,1.1219000,1.1276100,1394548
20160618,000000,1.1275000,1.1281000,1.1273100,1.1279000,64
20160619,000000,1.1281000,1.1338000,1.1279000,1.1329000,3114
20160620,000000,1.1331700,1.1382500,1.1300000,1.1313500,1397839
20160621,000000,1.1312500,1.1350000,1.1239500,1.1242600,1312832
20160622,000000,1.1242400,1.1337700,1.1235000,1.1295800,1296059
20160623,000000,1.1294800,1.1421300,1.1293900,1.1384000,1523695
20160624,000000,1.1384800,1.1428000,1.0910800,1.1111800,2719828
20160625,000000,1.1115900,1.1116800,1.1114800,1.1114800,28
20160626,000000,1.1056600,1.1056600,1.0997600,1.1002100,3134
20160627,000000,1.1011900,1.1083600,1.0969900,1.1023800,1860549
20160628,000000,1.1022800,1.1111600,1.1007800,1.1063500,1525397
20160629,000000,1.1063500,1.1130800,1.1047000,1.1122300,1557826
20160630,000000,1.1123100,1.1154600,1.1023100,1.1106400,1707926
20160701,000000,1.1107000,1.1169900,1.1070000,1.1136500,1375070
20160702,000000,1.1133300,1.1135000,1.1133300,1.1135000,11
20160703,000000,1.1140000,1.1140000,1.1113200,1.1129000,647
20160704,000000,1.1129800,1.1163000,1.1096000,1.1153300,869602
20160705,000000,1.1152600,1.1186500,1.1060400,1.1074600,1253173
20160706,000000,1.1075700,1.1111600,1.1028300,1.1099900,1577446
20160707,000000,1.1101200,1.1107200,1.1050000,1.1061100,1371778
20160708,000000,1.1061200,1.1120500,1.1000800,1.1049300,1281517
20160709,000000,1.1051500,1.1052600,1.1049000,1.1049000,16
20160710,000000,1.1047000,1.1050400,1.1043000,1.1047000,1029
20160711,000000,1.1049900,1.1074600,1.1014000,1.1057400,1272086
20160712,000000,1.1057600,1.1126300,1.1050000,1.1059700,1427316
20160713,000000,1.1059900,1.1120000,1.1040000,1.1088900,1620343
20160714,000000,1.1088600,1.1164800,1.1084000,1.1118300,1719083
20160715,000000,1.1118600,1.1150000,1.1023000,1.1029100,1653769
20160716,000000,1.1027400,1.1029000,1.1026100,1.1026100,53
20160717,000000,1.1040000,1.1073000,1.1039000,1.1047100,3031
20160718,000000,1.1049300,1.1084300,1.1035000,1.1075200,1242690
20160719,000000,1.1075200,1.1080500,1.0998000,1.1019700,1358152
20160720,000000,1.1019300,1.1030200,1.0980000,1.1013200,1378552
20160721,000000,1.1013300,1.1060500,1.0978700,1.1024600,1578536
20160722,000000,1.1024100,1.1041000,1.0953000,1.0973300,1415201
20160723,000000,1.0975000,1.0976000,1.0974000,1.0975000,11
20160724,000000,1.0972000,1.0986900,1.0971000,1.0973000,1270
20160725,000000,1.0971000,1.0999100,1.0950000,1.0992900,1212632
20160726,000000,1.0994700,1.1029800,1.0976000,1.0986200,1309326
20160727,000000,1.0986100,1.1065000,1.0960700,1.1057500,1514805
20160728,000000,1.1057400,1.1119500,1.1049000,1.1074800,1457408
20160729,000000,1.1074900,1.1197600,1.1071000,1.1171200,1538545
20160730,000000,1.1173300,1.1175000,1.1172000,1.1175000,37
20160731,000000,1.1173000,1.1176300,1.1170000,1.1171000,319
20160801,000000,1.1176100,1.1184000,1.1153000,1.1160200,1228472
20160802,000000,1.1161100,1.1233800,1.1155000,1.1221300,1379066
20160803,000000,1.1220900,1.1229000,1.1138000,1.1148700,1242881
20160804,000000,1.1147700,1.1156300,1.1112900,1.1127600,1333374
20160805,000000,1.1128400,1.1161300,1.1044000,1.1085400,1247096
20160806,000000,1.1084500,1.1086400,1.1081000,1.1081000,70
20160807,000000,1.1082000,1.1089000,1.1071900,1.1079000,503
20160808,000000,1.1084100,1.1105000,1.1070000,1.1088000,1116622
20160809,000000,1.1086900,1.1122600,1.1068000,1.1116100,1188163
20160810,000000,1.1116100,1.1190200,1.1109000,1.1174500,1314451
20160811,000000,1.1174400,1.1191500,1.1133000,1.1136400,1271381
20160812,000000,1.1136800,1.1221300,1.1129000,1.1162100,1175819
20160813,000000,1.1160700,1.1162300,1.1160700,1.1162300,7
20160814,000000,1.1161000,1.1173000,1.1160400,1.1166600,291
20160815,000000,1.1167300,1.1203600,1.1151000,1.1181300,1121408
20160816,000000,1.1182600,1.1322500,1.1175000,1.1278100,1517420
20160817,000000,1.1277900,1.1315900,1.1240000,1.1287900,1491077
20160818,000000,1.1288800,1.1366300,1.1282000,1.1353800,1605823
20160819,000000,1.1353700,1.1359600,1.1302000,1.1321300,1492944
20160820,000000,1.1325000,1.1325000,1.1325000,1.1325000,1
20160821,000000,1.1319000,1.1319000,1.1302000,1.1306700,3031
20160822,000000,1.1306600,1.1330700,1.1268800,1.1319800,1463660
20160823,000000,1.1317900,1.1355300,1.1300000,1.1304400,1415521
20160824,000000,1.1304300,1.1311400,1.1242000,1.1262800,1468598
20160825,000000,1.1263300,1.1297500,1.1256000,1.1283800,1236812
20160826,000000,1.1283500,1.1340700,1.1179000,1.1194300,1604453
20160827,000000,1.1194600,1.1196400,1.1194600,1.1195000,11
20160828,000000,1.1191500,1.1197000,1.1172000,1.1174900,3389
20160829,000000,1.1175000,1.1207800,1.1156900,1.1188100,1434801
20160830,000000,1.1188400,1.1192300,1.1129000,1.1142100,1432886
20160831,000000,1.1141200,1.1165600,1.1121000,1.1156600,1485551
20160901,000000,1.1156600,1.1205200,1.1126000,1.1196100,1403551
20160902,000000,1.1196400,1.1252100,1.1149000,1.1152100,1583155
20160903,000000,1.1152000,1.1152000,1.1152000,1.1152000,1
20160904,000000,1.1148000,1.1156000,1.1141200,1.1154600,1784
20160905,000000,1.1155300,1.1182400,1.1138000,1.1146800,1166003
20160906,000000,1.1146900,1.1263100,1.1139000,1.1252700,1513569
20160907,000000,1.1254500,1.1271700,1.1227000,1.1238500,1367426
20160908,000000,1.1238700,1.1327000,1.1233000,1.1258400,1798570
20160909,000000,1.1259800,1.1285100,1.1197000,1.1231800,1806040
20160910,000000,1.1229400,1.1230500,1.1225000,1.1225000,9
20160911,000000,1.1229000,1.1243400,1.1227400,1.1233400,2963
20160912,000000,1.1235100,1.1268300,1.1208000,1.1233700,1992170
20160913,000000,1.1233900,1.1260600,1.1202000,1.1217700,1972378
20160914,000000,1.1219300,1.1274100,1.1207000,1.1248800,1835180
20160915,000000,1.1248600,1.1284400,1.1216000,1.1243000,1906990
20160916,000000,1.1242400,1.1250100,1.1147000,1.1156600,1818385
20160918,000000,1.1158000,1.1163300,1.1147000,1.1152000,245
20160919,000000,1.1155200,1.1200000,1.1149700,1.1173900,1670348
20160920,000000,1.1172400,1.1213400,1.1147000,1.1149800,1795432
20160921,000000,1.1150500,1.1196600,1.1120000,1.1188500,2125018
20160922,000000,1.1185900,1.1257400,1.1182000,1.1206700,1889470
20160923,000000,1.1207500,1.1240500,1.1191000,1.1223700,1758475
20160924,000000,1.1223700,1.1226000,1.1223000,1.1226000,13
20160925,000000,1.1225000,1.1229400,1.1220100,1.1227000,1637
20160926,000000,1.1227300,1.1280000,1.1219000,1.1253200,1579857
20160927,000000,1.1252900,1.1260000,1.1189000,1.1214200,1730984
20160928,000000,1.1214200,1.1237000,1.1179000,1.1217000,1832599
20160929,000000,1.1216200,1.1250100,1.1195800,1.1221300,1914118
20160930,000000,1.1221300,1.1251100,1.1151000,1.1240000,2162988
20161001,000000,1.1239000,1.1240300,1.1239000,1.1240300,2
20161002,000000,1.1237000,1.1238200,1.1221000,1.1227000,6306
20161003,000000,1.1227900,1.1244200,1.1203000,1.1210400,1516648
20161004,000000,1.1210900,1.1240000,1.1136000,1.1201400,1986503
20161005,000000,1.1204100,1.1233300,1.1187000,1.1204400,1769671
20161006,000000,1.1203700,1.1212600,1.1138000,1.1146700,1802793
20161007,000000,1.1149700,1.1204900,1.1102000,1.1198600,2408430
20161008,000000,1.1200300,1.1200300,1.1197500,1.1200000,28
20161009,000000,1.1191000,1.1196000,1.1170500,1.1174000,1023
20161010,000000,1.1179200,1.1203200,1.1129000,1.1137200,1565998
20161011,000000,1.1137300,1.1142400,1.1046000,1.1052300,1801390
20161012,000000,1.1053200,1.1067600,1.1002000,1.1005400,1987387
20161013,000000,1.1006000,1.1057600,1.0983000,1.1055500,1909495
20161014,000000,1.1055500,1.1058400,1.0968000,1.0971600,1692393
20161015,000000,1.0971600,1.0971600,1.0966000,1.0966000,21
20161016,000000,1.0972000,1.0978000,1.0964000,1.0966200,7979
20161017,000000,1.0971400,1.1010000,1.0961000,1.0998400,1648639
20161018,000000,1.0999100,1.1026300,1.0968400,1.0980200,1611218
20161019,000000,1.0980400,1.1004800,1.0952000,1.0973600,1630524
20161020,000000,1.0973200,1.1039200,1.0913000,1.0928900,1740232
20161021,000000,1.0928800,1.0929700,1.0857000,1.0883600,1609395
20161022,000000,1.0881800,1.0883800,1.0881800,1.0883800,14
20161023,000000,1.0879000,1.0888000,1.0876000,1.0878000,6404
20161024,000000,1.0882000,1.0900000,1.0857000,1.0880000,1393789
20161025,000000,1.0881100,1.0905000,1.0848000,1.0887900,1468510
20161026,000000,1.0887200,1.0946800,1.0872000,1.0907200,1455005
20161027,000000,1.0907700,1.0942300,1.0880000,1.0894900,1480765
20161028,000000,1.0895600,1.0991700,1.0890000,1.0982000,1648109
20161029,000000,1.0985400,1.0985400,1.0981000,1.0981000,2
20161030,000000,1.0983000,1.0991200,1.0977300,1.0989700,8586
20161031,000000,1.0989600,1.0991200,1.0934000,1.0980000,1357488
20161101,000000,1.0980400,1.1069000,1.0956000,1.1053500,1543486
20161102,000000,1.1055000,1.1123100,1.1047000,1.1097000,1761796
20161103,000000,1.1097000,1.1126100,1.1057000,1.1103500,1695176
20161104,000000,1.1104700,1.1141900,1.1078000,1.1137900,1565601
20161105,000000,1.1137800,1.1145000,1.1136000,1.1145000,19
20161106,000000,1.1134000,1.1135000,1.1041000,1.1067000,609
20161107,000000,1.1067300,1.1110400,1.1025000,1.1044600,1565197
20161108,000000,1.1044800,1.1067100,1.1006000,1.1014500,1443668
20161109,000000,1.1014400,1.1299600,1.0908000,1.0909200,3110816
20161110,000000,1.0908900,1.0953600,1.0862000,1.0885400,2269378
20161111,000000,1.0885000,1.0923500,1.0829000,1.0846900,2149014
20161112,000000,1.0846900,1.0862800,1.0843000,1.0851900,35580
20161113,000000,1.0846000,1.0846000,1.0824000,1.0830000,505
20161114,000000,1.0830000,1.0841800,1.0707000,1.0734200,2322250
20161115,000000,1.0734300,1.0816700,1.0711000,1.0728700,2058222
20161116,000000,1.0729300,1.0759500,1.0664000,1.0682400,1946568
20161117,000000,1.0683500,1.0745600,1.0617000,1.0624500,1970317
20161118,000000,1.0624500,1.0643000,1.0567000,1.0592700,2152833
20161119,000000,1.0592700,1.0597200,1.0583600,1.0584100,42552
20161120,000000,1.0590000,1.0613500,1.0590000,1.0598600,582
20161121,000000,1.0599000,1.0649100,1.0576000,1.0625300,1971872
20161122,000000,1.0625300,1.0660000,1.0582000,1.0624300,1962668
20161123,000000,1.0624500,1.0643600,1.0524000,1.0552600,1894038
20161124,000000,1.0552600,1.0585400,1.0517000,1.0552300,1746458
20161125,000000,1.0552300,1.0627500,1.0536000,1.0592300,1962396
20161126,000000,1.0592700,1.0600000,1.0584000,1.0589200,25951
20161127,000000,1.0592000,1.0616700,1.0591400,1.0611900,740
20161128,000000,1.0614000,1.0685500,1.0562000,1.0607400,2003718
20161129,000000,1.0607200,1.0649700,1.0564000,1.0645400,1886243
20161130,000000,1.0644900,1.0666600,1.0551800,1.0596800,2103470
20161201,000000,1.0597000,1.0663200,1.0583000,1.0659300,2085977
20161202,000000,1.0660100,1.0689800,1.0623000,1.0663300,1944889
20161203,000000,1.0663100,1.0675500,1.0659800,1.0660800,47753
20161204,000000,1.0680300,1.0680300,1.0636700,1.0640100,4441
20161205,000000,1.0644300,1.0796600,1.0503800,1.0762400,2303678
20161206,000000,1.0762200,1.0785400,1.0697000,1.0721000,1771453
20161207,000000,1.0721400,1.0770000,1.0707000,1.0762900,1558327
20161208,000000,1.0762600,1.0873600,1.0596000,1.0615300,1929920
20161209,000000,1.0615500,1.0630000,1.0529000,1.0559000,1679933
20161210,000000,1.0559500,1.0561800,1.0549000,1.0557800,37208
20161211,000000,1.0545000,1.0552100,1.0528000,1.0530500,5661
20161212,000000,1.0530400,1.0651700,1.0523000,1.0634200,1801514
20161213,000000,1.0633800,1.0667200,1.0601000,1.0620400,1664614
20161214,000000,1.0620300,1.0670100,1.0495500,1.0532500,1926679
20161215,000000,1.0532200,1.0540300,1.0364000,1.0413400,2420010
20161216,000000,1.0413300,1.0474200,1.0398000,1.0442100,1958650
20161217,000000,1.0442300,1.0452700,1.0439000,1.0449200,39567
20161218,000000,1.0450000,1.0450000,1.0424000,1.0428800,3742
20161219,000000,1.0428700,1.0479500,1.0393000,1.0400300,1769310
20161220,000000,1.0400100,1.0418000,1.0350000,1.0389600,1756566
20161221,000000,1.0389500,1.0451200,1.0380000,1.0430300,1597778
20161222,000000,1.0430700,1.0499400,1.0419000,1.0434000,1643624
20161223,000000,1.0434000,1.0469100,1.0424000,1.0448700,1277613
20161224,000000,1.0448900,1.0458200,1.0445000,1.0446000,26389
20161225,000000,1.0452700,1.0452700,1.0451000,1.0451000,18
20161226,000000,1.0455400,1.0469000,1.0438000,1.0456500,579948
20161227,000000,1.0456500,1.0463400,1.0430000,1.0455300,1165479
20161228,000000,1.0455200,1.0479900,1.0370000,1.0406800,1293696
20161229,000000,1.0407300,1.0494000,1.0403000,1.0482600,1494123
20161230,000000,1.0483400,1.0653600,1.0479000,1.0524600,1853031
20161231,000000,1.0524500,1.0533000,1.0510000,1.0516000,40079
20170101,000000,1.0527000,1.0528000,1.0509000,1.0515000,169
20170102,000000,1.0515000,1.0529300,1.0455000,1.0459900,615476
20170103,000000,1.0459900,1.0490100,1.0339400,1.0401700,1736676
20170104,000000,1.0402000,1.0499800,1.0387000,1.0486000,1867862
20170105,000000,1.0485700,1.0615400,1.0479000,1.0598900,2383324
20170106,000000,1.0598800,1.0622100,1.0522000,1.0534100,1996544
20170107,000000,1.0533800,1.0535500,1.0527000,1.0532000,42630
20170108,000000,1.0531800,1.0538000,1.0524000,1.0528100,7585
20170109,000000,1.0528000,1.0583100,1.0508000,1.0568400,1650788
20170110,000000,1.0568700,1.0627400,1.0549000,1.0560900,1993247
20170111,000000,1.0561700,1.0622900,1.0452000,1.0572100,2195488
20170112,000000,1.0572800,1.0684800,1.0569000,1.0622000,2295562
20170113,000000,1.0623300,1.0673600,1.0595500,1.0637100,1886027
20170114,000000,1.0636900,1.0645000,1.0634000,1.0639900,34271
20170115,000000,1.0615000,1.0627000,1.0599000,1.0601800,794
20170116,000000,1.0599000,1.0635900,1.0577000,1.0599200,1603710
20170117,000000,1.0598500,1.0720000,1.0594700,1.0704800,2301314
20170118,000000,1.0704900,1.0715900,1.0628000,1.0638200,1986307
20170119,000000,1.0637500,1.0676700,1.0588400,1.0660100,2169013
20170120,000000,1.0660300,1.0709600,1.0623000,1.0695500,2128084
20170121,000000,1.0695400,1.0704900,1.0689000,1.0699000,43929
20170122,000000,1.0705100,1.0705100,1.0705100,1.0705100,2
20170123,000000,1.0705100,1.0754900,1.0700500,1.0743400,1771911
20170124,000000,1.0743200,1.0775000,1.0718000,1.0732900,1924139
20170125,000000,1.0733400,1.0770000,1.0709000,1.0752100,1868653
20170126,000000,1.0752400,1.0765700,1.0655000,1.0675500,1933064
20170127,000000,1.0675400,1.0725000,1.0657000,1.0694900,1813040
20170128,000000,1.0695300,1.0699100,1.0691000,1.0697900,37229
20170129,000000,1.0690000,1.0718000,1.0685900,1.0715000,2496
20170130,000000,1.0717000,1.0740300,1.0618800,1.0694500,1819208
20170131,000000,1.0694300,1.0812300,1.0682000,1.0796100,2159306
20170201,000000,1.0795700,1.0807500,1.0729400,1.0769600,1892990
20170202,000000,1.0770000,1.0828800,1.0754000,1.0761700,1745783
20170203,000000,1.0762300,1.0800000,1.0709900,1.0779600,1836874
20170204,000000,1.0778900,1.0787900,1.0775000,1.0780400,40088
20170205,000000,1.0782000,1.0800000,1.0777000,1.0794000,2049
20170206,000000,1.0794000,1.0798000,1.0704000,1.0750500,1656025
20170207,000000,1.0750500,1.0754100,1.0654000,1.0688100,1657093
20170208,000000,1.0688300,1.0714000,1.0638000,1.0687000,1668639
20170209,000000,1.0687600,1.0710000,1.0649000,1.0661600,1565936
20170210,000000,1.0662100,1.0667700,1.0606000,1.0637500,1513617
20170211,000000,1.0637600,1.0641900,1.0630000,1.0637000,35541
20170212,000000,1.0637000,1.0640100,1.0619600,1.0623600,4939
20170213,000000,1.0625900,1.0658400,1.0590000,1.0595800,1447467
20170214,000000,1.0595600,1.0633500,1.0559000,1.0576100,1628213
20170215,000000,1.0575100,1.0605800,1.0528900,1.0601900,1528791
20170216,000000,1.0601900,1.0680000,1.0587000,1.0673300,1607316
20170217,000000,1.0673000,1.0676900,1.0603000,1.0608200,1498281
20170218,000000,1.0608100,1.0616200,1.0604000,1.0612800,41133
20170219,000000,1.0616000,1.0622200,1.0601400,1.0606000,4614
20170220,000000,1.0609400,1.0633000,1.0601000,1.0614600,1188343
20170221,000000,1.0614600,1.0616000,1.0523000,1.0544100,1347509
20170222,000000,1.0544800,1.0574100,1.0492000,1.0566100,1732185
20170223,000000,1.0566100,1.0595400,1.0536000,1.0581600,1619988
20170224,000000,1.0582100,1.0620000,1.0555000,1.0561000,1569674
20170225,000000,1.0561200,1.0562800,1.0547000,1.0551000,25232
20170226,000000,1.0560000,1.0569200,1.0555700,1.0566800,2866
20170227,000000,1.0566700,1.0630700,1.0549000,1.0589900,1475830
20170228,000000,1.0589500,1.0630100,1.0566600,1.0594700,1569546
20170301,000000,1.0594900,1.0594900,1.0512700,1.0545800,1953109
20170302,000000,1.0545700,1.0551600,1.0493000,1.0507000,1604656
20170303,000000,1.0506700,1.0617300,1.0500000,1.0615700,1724170
20170304,000000,1.0616000,1.0623900,1.0609000,1.0618200,40389
20170305,000000,1.0614000,1.0615000,1.0600000,1.0602400,518
20170306,000000,1.0602000,1.0640200,1.0572000,1.0582400,1387005
20170307,000000,1.0582300,1.0602600,1.0556000,1.0570000,1370014
20170308,000000,1.0569900,1.0574200,1.0533000,1.0543000,1493296
20170309,000000,1.0543300,1.0615400,1.0522000,1.0582000,1794779
20170310,000000,1.0581900,1.0699100,1.0569700,1.0686600,1719206
20170311,000000,1.0686700,1.0689600,1.0667000,1.0670000,47972
20170312,000000,1.0671000,1.0688000,1.0669000,1.0675700,3741
20170313,000000,1.0675600,1.0714400,1.0649000,1.0652500,1550802
20170314,000000,1.0653000,1.0662700,1.0598000,1.0603600,1298684
20170315,000000,1.0603600,1.0740200,1.0601000,1.0733900,1471014
20170316,000000,1.0733800,1.0770300,1.0703000,1.0765500,1775846
20170317,000000,1.0764500,1.0782400,1.0725000,1.0736600,1524375
20170318,000000,1.0736000,1.0742000,1.0733800,1.0733800,69
20170319,000000,1.0736000,1.0738000,1.0727000,1.0730400,5323
20170320,000000,1.0735900,1.0777300,1.0722000,1.0739400,1245230
20170321,000000,1.0738000,1.0820000,1.0717000,1.0810000,1675103
20170322,000000,1.0809500,1.0824700,1.0773000,1.0796800,1628523
20170323,000000,1.0796100,1.0805000,1.0766000,1.0782300,1536184
20170324,000000,1.0781800,1.0818100,1.0758000,1.0797000,1479606
20170325,000000,1.0797000,1.0798000,1.0795000,1.0795000,33
20170326,000000,1.0795000,1.0846400,1.0794000,1.0836200,5823
20170327,000000,1.0836400,1.0906100,1.0824000,1.0863200,1425578
20170328,000000,1.0864200,1.0872700,1.0796000,1.0810300,1357978
20170329,000000,1.0811400,1.0826600,1.0737000,1.0764000,1479327
20170330,000000,1.0764000,1.0770000,1.0669000,1.0673700,1407530
20170331,000000,1.0674800,1.0701900,1.0649900,1.0651500,1460081
20170401,000000,1.0651000,1.0665000,1.0649800,1.0663000,165
20170402,000000,1.0658000,1.0664000,1.0656400,1.0660500,2460
20170403,000000,1.0657300,1.0681100,1.0640000,1.0668900,1264996
20170404,000000,1.0668900,1.0677300,1.0633000,1.0672900,1220393
20170405,000000,1.0671700,1.0690000,1.0633600,1.0662100,1288542
20170406,000000,1.0660600,1.0684100,1.0627000,1.0643600,1216834
20170407,000000,1.0643800,1.0667200,1.0578000,1.0589500,1511076
20170409,000000,1.0595000,1.0602000,1.0578100,1.0586800,3653
20170410,000000,1.0586400,1.0606700,1.0568000,1.0595300,1122458
20170411,000000,1.0594400,1.0630100,1.0576000,1.0604500,1265376
20170412,000000,1.0603800,1.0675100,1.0587000,1.0663700,1356274
20170413,000000,1.0662400,1.0677700,1.0607700,1.0613100,1320494
20170414,000000,1.0613000,1.0630000,1.0604000,1.0610700,698974
20170415,000000,1.0610100,1.0611700,1.0610100,1.0611700,7
20170416,000000,1.0613000,1.0619000,1.0608400,1.0615600,1265
20170417,000000,1.0615000,1.0670500,1.0600800,1.0642400,837449
20170418,000000,1.0642400,1.0736000,1.0635000,1.0730400,1415383
20170419,000000,1.0730500,1.0736900,1.0698000,1.0710100,1232198
20170420,000000,1.0711000,1.0777600,1.0706000,1.0716800,1254431
20170421,000000,1.0716800,1.0738100,1.0680000,1.0724600,1226167
20170423,000000,1.0879500,1.0933400,1.0874600,1.0917500,3466
20170424,000000,1.0918500,1.0918500,1.0818000,1.0867100,1692940
20170425,000000,1.0867000,1.0950000,1.0849000,1.0925100,1307724
20170426,000000,1.0924500,1.0950900,1.0855000,1.0903200,1408596
20170427,000000,1.0902900,1.0932900,1.0849000,1.0872200,1377925
20170428,000000,1.0871100,1.0947500,1.0855000,1.0892600,1380435
20170429,000000,1.0892000,1.0893200,1.0892000,1.0893200,8
20170430,000000,1.0898000,1.0917000,1.0893100,1.0910000,1126
20170501,000000,1.0910100,1.0924100,1.0882900,1.0898100,841551
20170502,000000,1.0898200,1.0933200,1.0886000,1.0928000,1183322
20170503,000000,1.0928300,1.0937000,1.0880000,1.0883600,1314767
20170504,000000,1.0883600,1.0987300,1.0873000,1.0984300,1552650
20170505,000000,1.0983600,1.1000000,1.0947100,1.0996000,1500110
20170506,000000,1.0996000,1.0996000,1.0994000,1.0995000,4
20170507,000000,1.0997000,1.1022200,1.0995000,1.1017000,6186
20170508,000000,1.1019000,1.1023500,1.0915000,1.0923700,1521665
20170509,000000,1.0923200,1.0933500,1.0861000,1.0873000,1465151
20170510,000000,1.0871500,1.0898200,1.0851000,1.0866300,1419871
20170511,000000,1.0865400,1.0893100,1.0837000,1.0860700,1339652
20170512,000000,1.0858500,1.0934300,1.0854000,1.0928000,1310771
20170513,000000,1.0929000,1.0929600,1.0926000,1.0926000,60
20170514,000000,1.0921000,1.0930400,1.0920000,1.0929600,3671
20170515,000000,1.0929200,1.0990000,1.0920000,1.0975200,1301573
20170516,000000,1.0974300,1.1097400,1.0971000,1.1082400,1523591
20170517,000000,1.1081300,1.1162200,1.1077500,1.1158500,1774347
20170518,000000,1.1157300,1.1174300,1.1074000,1.1103000,2054347
20170519,000000,1.1100900,1.1212200,1.1094000,1.1205600,1534216
20170520,000000,1.1202000,1.1206000,1.1202000,1.1204000,5
20170521,000000,1.1198000,1.1206500,1.1183000,1.1192200,1613
20170522,000000,1.1194500,1.1263500,1.1159000,1.1236700,1538799
20170523,000000,1.1237000,1.1268300,1.1172000,1.1181700,1832771
20170524,000000,1.1180800,1.1220100,1.1166000,1.1217600,1695564
20170525,000000,1.1217900,1.1250400,1.1192700,1.1209800,1467578
20170526,000000,1.1209800,1.1234700,1.1159000,1.1181000,1495156
20170527,000000,1.1182000,1.1182000,1.1177000,1.1177000,49
